DROP TABLE IF EXISTS LesRoles;
DROP TABLE IF EXISTS LaMarine;
DROP TABLE IF EXISTS LesPirates;
DROP TABLE IF EXISTS LesEquipages;
DROP TABLE IF EXISTS LesFruits;
DROP TABLE IF EXISTS LesRegions;

CREATE TABLE LesRegions(
    id_region int,
    nomR varchar(100),
    type varchar(100),
    CONSTRAINT PK_Regions PRIMARY KEY (id_region)
);

INSERT INTO LesRegions VALUES (1, 'East Blue', 'mer');
INSERT INTO LesRegions VALUES (2, 'Fuschia', 'village');
INSERT INTO LesRegions VALUES (3, 'Syrup Village', 'village');
INSERT INTO LesRegions VALUES (4, 'Baratie', 'restaurant flottant');
INSERT INTO LesRegions VALUES (5, 'Cocoyasi Village', 'village');
INSERT INTO LesRegions VALUES (6, 'Drum Island', 'ile');
INSERT INTO LesRegions VALUES (7, 'Arabasta', 'royaume');
INSERT INTO LesRegions VALUES (8, 'Water Seven', 'ville');
INSERT INTO LesRegions VALUES (9, 'Sabaody Archipelago', 'archipel');
INSERT INTO LesRegions VALUES (10, 'Fish-Man Island', 'ile sous-LaMarine');
INSERT INTO LesRegions VALUES (11, 'Wano', 'pays');
INSERT INTO LesRegions VALUES (12, 'Whole Cake Island', 'ile');
INSERT INTO LesRegions VALUES (13, 'LaMarine Ford', 'base militaire');
INSERT INTO LesRegions VALUES (14, 'Shells Town', 'ville');
INSERT INTO LesRegions VALUES (15, 'Loguetown', 'ville');
INSERT INTO LesRegions VALUES (16, 'Kuraigana', 'ile');
INSERT INTO LesRegions VALUES (17, 'Village de Kokoyashi', 'village');
INSERT INTO LesRegions VALUES (18, 'Arlong Park', 'parc');
INSERT INTO LesRegions VALUES (19, 'Ile de Dawn', 'ile');
INSERT INTO LesRegions VALUES (20, 'Royaume de Goa', 'royaume');
INSERT INTO LesRegions VALUES (21, 'Syrup', 'village');
INSERT INTO LesRegions VALUES (22, 'Ohara', 'ile');
INSERT INTO LesRegions VALUES (23, 'Thriller Bark', 'ile fantome');
INSERT INTO LesRegions VALUES (24, 'God Valley', 'ile');
INSERT INTO LesRegions VALUES (25, 'Pays des Fleurs', 'pays');
INSERT INTO LesRegions VALUES (26, 'Spider Miles', 'ile');
INSERT INTO LesRegions VALUES (27, 'Royaume de Flevance', 'royaume');
INSERT INTO LesRegions VALUES (28, 'Ile de Swallow', 'ile');
INSERT INTO LesRegions VALUES (29, 'Ile de Minion', 'ile');
INSERT INTO LesRegions VALUES (30, 'Baterilla', 'ile');
INSERT INTO LesRegions VALUES (31, 'Royaume de Sorbet', 'royaume');
INSERT INTO LesRegions VALUES (32, 'Reverse Mountain', 'montagne');
INSERT INTO LesRegions VALUES (33, 'Marie-Joie', 'terre sainte');
INSERT INTO LesRegions VALUES (34, 'Amazon Lily', 'ile');
INSERT INTO LesRegions VALUES (35, 'Impel Down', 'prison');
INSERT INTO LesRegions VALUES (36, 'Whiskey Peak', 'village');
INSERT INTO LesRegions VALUES (37, 'Little Garden', 'ile');
INSERT INTO LesRegions VALUES (38, 'Alabasta', 'royaume');
INSERT INTO LesRegions VALUES (39, 'Jaya', 'ile');
INSERT INTO LesRegions VALUES (40, 'Water 7', 'ville');
INSERT INTO LesRegions VALUES (41, 'Enies Lobby', 'ile judiciaire');
INSERT INTO LesRegions VALUES (42, 'Archipel Sabaody', 'archipel');
INSERT INTO LesRegions VALUES (43, 'Marineford', 'base militaire');
INSERT INTO LesRegions VALUES (44, 'Pays des Wa', 'pays');
INSERT INTO LesRegions VALUES (45, 'Punk Hazard', 'ile');
INSERT INTO LesRegions VALUES (46, 'Dressrosa', 'royaume');
INSERT INTO LesRegions VALUES (47, 'Archipel Totto Land', 'archipel');
INSERT INTO LesRegions VALUES (48, 'Zo', 'ile');
INSERT INTO LesRegions VALUES (49, 'Laugh Tale', 'ile');
INSERT INTO LesRegions VALUES (50, 'Erbaf', 'ile');
INSERT INTO LesRegions VALUES (51, 'Skypiea', 'ile celeste');
INSERT INTO LesRegions VALUES (52, 'Weatheria', 'ile celeste');
INSERT INTO LesRegions VALUES (53, 'Baltigo', 'ile');
INSERT INTO LesRegions VALUES (54, 'Royaume de Drum', 'royaume');
INSERT INTO LesRegions VALUES (55, 'Long Ring Long Land', 'ile');
INSERT INTO LesRegions VALUES (56, 'Green Bit', 'ile');

CREATE TABLE LesFruits(
    nomF varchar(100),
    type varchar(100),
    pouvoir varchar(100),
    CONSTRAINT PK_Fruits PRIMARY KEY (nomF)
);

INSERT INTO LesFruits VALUES ('Gomu Gomu no Mi', 'Paramecia', 'Corps en caoutchouc elastique');
INSERT INTO LesFruits VALUES ('Mera Mera no Mi', 'Logia', 'Controle et transformation en feu');
INSERT INTO LesFruits VALUES ('Hie Hie no Mi', 'Logia', 'Controle et transformation en glace');
INSERT INTO LesFruits VALUES ('Yomi Yomi no Mi', 'Paramecia', 'Resurrection apres la mort');
INSERT INTO LesFruits VALUES ('Hana Hana no Mi', 'Paramecia', 'Faire pousser des membres partout');
INSERT INTO LesFruits VALUES ('Tori Tori no Mi', 'Zoan', 'Transformation en oiseau');
INSERT INTO LesFruits VALUES ('Gura Gura no Mi', 'Paramecia', 'Creer des tremblements');
INSERT INTO LesFruits VALUES ('Mochi Mochi no Mi', 'Paramecia', 'Controle du mochi');
INSERT INTO LesFruits VALUES ('Magu Magu no Mi', 'Logia', 'Controle et transformation en magma');
INSERT INTO LesFruits VALUES ('Moku Moku no Mi', 'Logia', 'Controle et transformation en fumee');
INSERT INTO LesFruits VALUES ('Ame Ame no Mi', 'Paramecia', 'Controle du bonbon');
INSERT INTO LesFruits VALUES ('Awa Awa no Mi', 'Paramecia', 'Controle des bulles');
INSERT INTO LesFruits VALUES ('Baku Baku no Mi', 'Paramecia', 'Manger et reproduire tout objet');
INSERT INTO LesFruits VALUES ('Bane Bane no Mi', 'Paramecia', 'Corps en ressort');
INSERT INTO LesFruits VALUES ('Bari Bari no Mi', 'Paramecia', 'Creation de barrieres');
INSERT INTO LesFruits VALUES ('Bata Bata no Mi', 'Paramecia', 'Controle du beurre');
INSERT INTO LesFruits VALUES ('Bisu Bisu no Mi', 'Paramecia', 'Creation de biscuits');
INSERT INTO LesFruits VALUES ('Bomu Bomu no Mi', 'Paramecia', 'Corps explosif');
INSERT INTO LesFruits VALUES ('Buku Buku no Mi', 'Paramecia', 'Entrer dans les livres');
INSERT INTO LesFruits VALUES ('Buki Buki no Mi', 'Paramecia', 'Transformation en armes');
INSERT INTO LesFruits VALUES ('Chiyu Chiyu no Mi', 'Paramecia', 'Guerison par les larmes');
INSERT INTO LesFruits VALUES ('Choki Choki no Mi', 'Paramecia', 'Couper comme des ciseaux');
INSERT INTO LesFruits VALUES ('Doa Doa no Mi', 'Paramecia', 'Creer des portes partout');
INSERT INTO LesFruits VALUES ('Doku Doku no Mi', 'Paramecia', 'Controle du poison');
INSERT INTO LesFruits VALUES ('Doru Doru no Mi', 'Paramecia', 'Production de cire');
INSERT INTO LesFruits VALUES ('Fude Fude no Mi', 'Paramecia', 'Dessiner des choses reelles');
INSERT INTO LesFruits VALUES ('Fuku Fuku no Mi', 'Paramecia', 'Creer des vetements');
INSERT INTO LesFruits VALUES ('Giro Giro no Mi', 'Paramecia', 'Voir a travers tout');
INSERT INTO LesFruits VALUES ('Guru Guru no Mi', 'Paramecia', 'Faire tournoyer son corps');
INSERT INTO LesFruits VALUES ('Hira Hira no Mi', 'Paramecia', 'Corps plat comme un drapeau');
INSERT INTO LesFruits VALUES ('Hobi Hobi no Mi', 'Paramecia', 'Transformer en jouet');
INSERT INTO LesFruits VALUES ('Horu Horu no Mi', 'Paramecia', 'Controle des hormones');
INSERT INTO LesFruits VALUES ('Horo Horo no Mi', 'Paramecia', 'Creation de fantomes');
INSERT INTO LesFruits VALUES ('Ishi Ishi no Mi', 'Paramecia', 'Fusion avec la pierre');
INSERT INTO LesFruits VALUES ('Ito Ito no Mi', 'Paramecia', 'Controle des fils');
INSERT INTO LesFruits VALUES ('Jake Jake no Mi', 'Paramecia', 'Se transformer en veste');
INSERT INTO LesFruits VALUES ('Jiki Jiki no Mi', 'Paramecia', 'Controle magnetique');
INSERT INTO LesFruits VALUES ('Juku Juku no Mi', 'Paramecia', 'Faire murir ou pourrir');
INSERT INTO LesFruits VALUES ('Kage Kage no Mi', 'Paramecia', 'Controle des ombres');
INSERT INTO LesFruits VALUES ('Kibi Kibi no Mi', 'Paramecia', 'Controler les animaux avec du millet');
INSERT INTO LesFruits VALUES ('Kilo Kilo no Mi', 'Paramecia', 'Modifier son poids');
INSERT INTO LesFruits VALUES ('Kira Kira no Mi', 'Paramecia', 'Corps en diamant');
INSERT INTO LesFruits VALUES ('Kobu Kobu no Mi', 'Paramecia', 'Booster les autres');
INSERT INTO LesFruits VALUES ('Kuku Kuku no Mi', 'Paramecia', 'Cuisiner nimporte quoi');
INSERT INTO LesFruits VALUES ('Kuri Kuri no Mi', 'Paramecia', 'Controle de la creme');
INSERT INTO LesFruits VALUES ('Mane Mane no Mi', 'Paramecia', 'Copier le visage des autres');
INSERT INTO LesFruits VALUES ('Mato Mato no Mi', 'Paramecia', 'Cibler quelquun a distance');
INSERT INTO LesFruits VALUES ('Memo Memo no Mi', 'Paramecia', 'Manipuler les souvenirs');
INSERT INTO LesFruits VALUES ('Mero Mero no Mi', 'Paramecia', 'Petrifier par lamour');
INSERT INTO LesFruits VALUES ('Mira Mira no Mi', 'Paramecia', 'Controle des miroirs');
INSERT INTO LesFruits VALUES ('Nagi Nagi no Mi', 'Paramecia', 'Creer des zones de silence');
INSERT INTO LesFruits VALUES ('Netsu Netsu no Mi', 'Paramecia', 'Chauffer son corps');
INSERT INTO LesFruits VALUES ('Nikyu Nikyu no Mi', 'Paramecia', 'Repousser tout avec ses pattes');
INSERT INTO LesFruits VALUES ('Noro Noro no Mi', 'Paramecia', 'Ralentir les objets');
INSERT INTO LesFruits VALUES ('Nui Nui no Mi', 'Paramecia', 'Coudre les objets et personnes');
INSERT INTO LesFruits VALUES ('Ope Ope no Mi', 'Paramecia', 'Creation dune salle chirurgicale');
INSERT INTO LesFruits VALUES ('Ori Ori no Mi', 'Paramecia', 'Entraver avec des barres de fer');
INSERT INTO LesFruits VALUES ('Oshi Oshi no Mi', 'Paramecia', 'Pousser tout avec une force extreme');
INSERT INTO LesFruits VALUES ('Pamu Pamu no Mi', 'Paramecia', 'Faire exploser des objets inorganiques');
INSERT INTO LesFruits VALUES ('Pero Pero no Mi', 'Paramecia', 'Controle des bonbons');
INSERT INTO LesFruits VALUES ('Poke Poke no Mi', 'Paramecia', 'Avoir des poches dans le corps');
INSERT INTO LesFruits VALUES ('Riki Riki no Mi', 'Paramecia', 'Force surhumaine');
INSERT INTO LesFruits VALUES ('Sabi Sabi no Mi', 'Paramecia', 'Rouiller les metaux');
INSERT INTO LesFruits VALUES ('Shari Shari no Mi', 'Paramecia', 'Transformer ses membres en roues');
INSERT INTO LesFruits VALUES ('Shibo Shibo no Mi', 'Paramecia', 'Extraire les liquides');
INSERT INTO LesFruits VALUES ('Soru Soru no Mi', 'Paramecia', 'Manipuler les ames');
INSERT INTO LesFruits VALUES ('Sui Sui no Mi', 'Paramecia', 'Nager dans nimporte quelle surface');
INSERT INTO LesFruits VALUES ('Suke Suke no Mi', 'Paramecia', 'Devenir invisible');
INSERT INTO LesFruits VALUES ('Supa Supa no Mi', 'Paramecia', 'Corps en lames dacier');
INSERT INTO LesFruits VALUES ('Tama Tama no Mi', 'Paramecia', 'Corps en oeuf qui se renforce');
INSERT INTO LesFruits VALUES ('Toge Toge no Mi', 'Paramecia', 'Faire pousser des epines');
INSERT INTO LesFruits VALUES ('Toki Toki no Mi', 'Paramecia', 'Voyager dans le futur');
INSERT INTO LesFruits VALUES ('Ton Ton no Mi', 'Paramecia', 'Multiplier son poids par tonnes');
INSERT INTO LesFruits VALUES ('Wapu Wapu no Mi', 'Paramecia', 'Teleportation');
INSERT INTO LesFruits VALUES ('Woshu Woshu no Mi', 'Paramecia', 'Laver et etendre les gens');
INSERT INTO LesFruits VALUES ('Zushi Zushi no Mi', 'Paramecia', 'Controle gravitationnel');
INSERT INTO LesFruits VALUES ('Gasu Gasu no Mi', 'Logia', 'Controle et transformation en gaz');
INSERT INTO LesFruits VALUES ('Goro Goro no Mi', 'Logia', 'Controle et transformation en foudre');
INSERT INTO LesFruits VALUES ('Mori Mori no Mi', 'Logia', 'Controle et transformation en foret');
INSERT INTO LesFruits VALUES ('Pika Pika no Mi', 'Logia', 'Controle et transformation en lumiere');
INSERT INTO LesFruits VALUES ('Suna Suna no Mi', 'Logia', 'Controle et transformation en sable');
INSERT INTO LesFruits VALUES ('Yami Yami no Mi', 'Logia', 'Controle et transformation en tenebres');
INSERT INTO LesFruits VALUES ('Yuki Yuki no Mi', 'Logia', 'Controle et transformation en neige');
INSERT INTO LesFruits VALUES ('Hebi Hebi no Mi', 'Zoan', 'Transformation en serpent');
INSERT INTO LesFruits VALUES ('Hito Hito no Mi', 'Zoan', 'Transformation en humain');
INSERT INTO LesFruits VALUES ('Inu Inu no Mi, Model: Dachshund', 'Zoan', 'Transformation en teckel');
INSERT INTO LesFruits VALUES ('Inu Inu no Mi, Model: Jackal', 'Zoan', 'Transformation en chacal');
INSERT INTO LesFruits VALUES ('Inu Inu no Mi, Model: Wolf', 'Zoan', 'Transformation en loup');
INSERT INTO LesFruits VALUES ('Kame Kame no Mi', 'Zoan', 'Transformation en tortue');
INSERT INTO LesFruits VALUES ('Kumo Kumo no Mi', 'Zoan', 'Transformation en araignee');
INSERT INTO LesFruits VALUES ('Mogu Mogu no Mi', 'Zoan', 'Transformation en taupe');
INSERT INTO LesFruits VALUES ('Neko Neko no Mi', 'Zoan', 'Transformation en chat');
INSERT INTO LesFruits VALUES ('Neko Neko no Mi, Model: Leopard', 'Zoan', 'Transformation en leopard');
INSERT INTO LesFruits VALUES ('Neko Neko no Mi, Model: Saber Tiger', 'Zoan', 'Transformation en tigre a dents de sabre');
INSERT INTO LesFruits VALUES ('Ryu Ryu no Mi, Model: Allosaurus', 'Zoan', 'Transformation en allosaurus');
INSERT INTO LesFruits VALUES ('Ryu Ryu no Mi, Model: Brachiosaurus', 'Zoan', 'Transformation en brachiosaurus');
INSERT INTO LesFruits VALUES ('Ryu Ryu no Mi, Model: Pachycephalosaurus', 'Zoan', 'Transformation en pachycephalosaurus');
INSERT INTO LesFruits VALUES ('Ryu Ryu no Mi, Model: Pteranodon', 'Zoan', 'Transformation en pteranodon');
INSERT INTO LesFruits VALUES ('Ryu Ryu no Mi, Model: Spinosaurus', 'Zoan', 'Transformation en spinosaurus');
INSERT INTO LesFruits VALUES ('Ryu Ryu no Mi, Model: Triceratops', 'Zoan', 'Transformation en triceratops');
INSERT INTO LesFruits VALUES ('Sara Sara no Mi', 'Zoan', 'Transformation en axolotl');
INSERT INTO LesFruits VALUES ('Tori Tori no Mi, Model: Falcon', 'Zoan', 'Transformation en faucon');
INSERT INTO LesFruits VALUES ('Tori Tori no Mi, Model: Albatross', 'Zoan', 'Transformation en albatros');
INSERT INTO LesFruits VALUES ('Tori Tori no Mi, Model: Phoenix', 'Zoan', 'Transformation en phoenix');
INSERT INTO LesFruits VALUES ('Uo Uo no Mi', 'Zoan', 'Transformation en poisson');
INSERT INTO LesFruits VALUES ('Uo Uo no Mi, Model: Seiryu', 'Zoan', 'Transformation en dragon azur');
INSERT INTO LesFruits VALUES ('Uma Uma no Mi', 'Zoan', 'Transformation en cheval');
INSERT INTO LesFruits VALUES ('Ushi Ushi no Mi', 'Zoan', 'Transformation en boeuf');
INSERT INTO LesFruits VALUES ('Zou Zou no Mi, Model: Mammoth', 'Zoan', 'Transformation en mammouth');
INSERT INTO LesFruits VALUES ('Zo Zo no Mi', 'Zoan', 'Transformation en elephant');
INSERT INTO LesFruits VALUES ('Hebi Hebi no Mi, Model: Yamata no Orochi', 'Zoan', 'Transformation en serpent a 8 tetes');
INSERT INTO LesFruits VALUES ('Hito Hito no Mi, Model: Daibutsu', 'Zoan', 'Transformation en grand bouddha');
INSERT INTO LesFruits VALUES ('Hito Hito no Mi, Model: Nika', 'Zoan', 'Pouvoirs du dieu soleil Nika');
INSERT INTO LesFruits VALUES ('Hito Hito no Mi, Model: Onyudo', 'Zoan', 'Transformation en moine geant');
INSERT INTO LesFruits VALUES ('Inu Inu no Mi, Model: Kyubi no Kitsune', 'Zoan', 'Transformation en renard a 9 queues');
INSERT INTO LesFruits VALUES ('Inu Inu no Mi, Model: Okuchi no Makami', 'Zoan', 'Transformation en loup divin');
INSERT INTO LesFruits VALUES ('Inu Inu no Mi, Model: Dalmatian', 'Zoan', 'Transformation en dalmatien');
INSERT INTO LesFruits VALUES ('Gunto Gunto no Mi', 'Paramecia', 'Corps transformable en armes');
INSERT INTO LesFruits VALUES ('Muchi Muchi no Mi', 'Paramecia', 'Transformation en fouet');
INSERT INTO LesFruits VALUES ('Bara Bara no Mi', 'Paramecia', 'Corps separable en fragments');
INSERT INTO LesFruits VALUES ('Fuwa Fuwa no Mi', 'Paramecia', 'Faire flotter les objets inanimés');
INSERT INTO LesFruits VALUES ('Shibu Shibu no Mi', 'Paramecia', 'Extraire les liquides des corps');
INSERT INTO LesFruits VALUES ('Hoya Hoya no Mi', 'Paramecia', 'Invoquer un genie');
INSERT INTO LesFruits VALUES ('Shiku Shiku no Mi', 'Paramecia', 'Transmettre des maladies');
INSERT INTO LesFruits VALUES ('Shima Shima no Mi', 'Paramecia', 'Controle des iles');
INSERT INTO LesFruits VALUES ('Gabu Gabu no Mi', 'Paramecia', 'Absorption et crachat de rhum');
INSERT INTO LesFruits VALUES ('Deka Deka no Mi', 'Paramecia', 'Corps geant cyclopeen');
INSERT INTO LesFruits VALUES ('Oto Oto no Mi', 'Paramecia', 'Transformer son corps en instruments');
INSERT INTO LesFruits VALUES ('Shiro Shiro no Mi', 'Paramecia', 'Corps en forteresse vivante');
INSERT INTO LesFruits VALUES ('Wara Wara no Mi', 'Paramecia', 'Transferer les degats sur des poupees de paille');
INSERT INTO LesFruits VALUES ('Toshi Toshi no Mi', 'Paramecia', 'Manipuler l age des cibles');
INSERT INTO LesFruits VALUES ('Sube Sube no Mi', 'Paramecia', 'Corps glissant');
INSERT INTO LesFruits VALUES ('Supu Supu no Mi', 'Paramecia', 'Corps en lames tranchantes');
INSERT INTO LesFruits VALUES ('Numa Numa no Mi', 'Logia', 'Controle et transformation en marecage');
INSERT INTO LesFruits VALUES ('Beta Beta no Mi', 'Paramecia', 'Produire un adhesif mucus collant');
INSERT INTO LesFruits VALUES ('Susu Susu no Mi', 'Paramecia', 'Controle de la suie et du corbeau');
INSERT INTO LesFruits VALUES ('Gasha Gasha no Mi', 'Paramecia', 'Assembler des objets mecaniques');
INSERT INTO LesFruits VALUES ('Golu Golu no Mi', 'Paramecia', 'Controle de l or');
INSERT INTO LesFruits VALUES ('Uta Uta no Mi', 'Paramecia', 'Transporter dans un monde musical');
INSERT INTO LesFruits VALUES ('Mosa Mosa no Mi', 'Paramecia', 'Controle de la croissance des plantes');
INSERT INTO LesFruits VALUES ('Modo Modo no Mi', 'Paramecia', 'Rajeunir les cibles');

CREATE TABLE LesEquipages(
    id_equipage int,
    nomE varchar(100), 
    capitaine varchar(200), 
    CONSTRAINT PK_Equipages PRIMARY KEY (id_equipage)
);

INSERT INTO LesEquipages VALUES (1, 'Chapeau de Paille', 'Monkey D. Luffy');
INSERT INTO LesEquipages VALUES (2, 'Barbe Blanche', 'Edward Newgate');
INSERT INTO LesEquipages VALUES (3, 'Big Mom', 'Charlotte Linlin');
INSERT INTO LesEquipages VALUES (4, 'Pirates Spade', 'Portgas D. Ace');
INSERT INTO LesEquipages VALUES (5, 'Pirates de Roger', 'Gol D. Roger');
INSERT INTO LesEquipages VALUES (6, 'Equipage du Roux', 'Shanks');
INSERT INTO LesEquipages VALUES (7, 'Barbe Noire', 'Marshall D. Teach');
INSERT INTO LesEquipages VALUES (8, 'Equipage aux Cent Betes', 'Kaido');
INSERT INTO LesEquipages VALUES (9, 'Equipage de Rocks', 'Rocks D. Xebec');
INSERT INTO LesEquipages VALUES (10, 'Don Quichotte Doflamingo', 'Donquixote Doflamingo');
INSERT INTO LesEquipages VALUES (11, 'Equipage du Heart', 'Trafalgar Law');
INSERT INTO LesEquipages VALUES (12, 'Equipage de Kid', 'Eustass Kid');
INSERT INTO LesEquipages VALUES (13, 'Pirates Kuja', 'Boa Hancock');
INSERT INTO LesEquipages VALUES (14, 'Pirates du Soleil', 'Fisher Tiger');
INSERT INTO LesEquipages VALUES (15, 'Thriller Bark', 'Gekko Moria');
INSERT INTO LesEquipages VALUES (16, 'Equipage du Clown', 'Buggy le Clown');
INSERT INTO LesEquipages VALUES (17, 'Equipage d''Arlong', 'Arlong');
INSERT INTO LesEquipages VALUES (18, 'Armada de Don Krieg', 'Don Krieg');
INSERT INTO LesEquipages VALUES (19, 'Equipage de Foxy', 'Foxy');
INSERT INTO LesEquipages VALUES (20, 'Equipage du Fire Tank', 'Capone Bege');
INSERT INTO LesEquipages VALUES (21, 'Equipage de Hawkins', 'Basil Hawkins');
INSERT INTO LesEquipages VALUES (22, 'Equipage de Drake', 'X Drake');
INSERT INTO LesEquipages VALUES (23, 'Equipage du On-Air', 'Scratchmen Apoo');
INSERT INTO LesEquipages VALUES (24, 'Equipage de Bonney', 'Jewelry Bonney');
INSERT INTO LesEquipages VALUES (25, 'Equipage des Moines Depraves', 'Urouge');
INSERT INTO LesEquipages VALUES (26, 'Equipage de Bartolomeo', 'Bartolomeo');
INSERT INTO LesEquipages VALUES (27, 'Equipage de Bellamy', 'Bellamy');
INSERT INTO LesEquipages VALUES (28, 'Equipage du Chat Noir', 'Kuro');
INSERT INTO LesEquipages VALUES (29, 'Equipage du Lion d''Or', 'Shiki le Lion d''Or');

CREATE TABLE LesPirates(
    nomP varchar(100),
    id_region int,
    nomF varchar(100),
    prime int,
    CONSTRAINT PK_Pirates PRIMARY KEY(nomP),
    CONSTRAINT FK_Pirates_Regions FOREIGN KEY (id_region) REFERENCES LesRegions(id_region),
    CONSTRAINT FK_Pirates_Fruits FOREIGN KEY (nomF) REFERENCES LesFruits(nomF)
);

INSERT INTO LesPirates VALUES ('Monkey D. Luffy', 2, 'Gomu Gomu no Mi', 3000000000);
INSERT INTO LesPirates VALUES ('Roronoa Zoro', 2, NULL, 1111000000);
INSERT INTO LesPirates VALUES ('Jinbe', 10, NULL, 1100000000);
INSERT INTO LesPirates VALUES ('Sanji', 4, NULL, 1032000000);
INSERT INTO LesPirates VALUES ('Nico Robin', 22, 'Hana Hana no Mi', 930000000);
INSERT INTO LesPirates VALUES ('Usopp', 3, NULL, 500000000);
INSERT INTO LesPirates VALUES ('Franky', 8, NULL, 394000000);
INSERT INTO LesPirates VALUES ('Brook', 1, 'Yomi Yomi no Mi', 383000000);
INSERT INTO LesPirates VALUES ('Nami', 5, NULL, 366000000);
INSERT INTO LesPirates VALUES ('Tony Tony Chopper', 6, 'Hito Hito no Mi', 1000);
INSERT INTO LesPirates VALUES ('Yamato', 11, 'Inu Inu no Mi, Model: Okuchi no Makami', 0);
INSERT INTO LesPirates VALUES ('Nefertari Vivi', 7, NULL, 0);
INSERT INTO LesPirates VALUES ('Gol D. Roger', 15, NULL, 5564800000);
INSERT INTO LesPirates VALUES ('Edward Newgate', 1, 'Gura Gura no Mi', 5046000000);
INSERT INTO LesPirates VALUES ('Kaido', 11, 'Uo Uo no Mi, Model: Seiryu', 4611100000);
INSERT INTO LesPirates VALUES ('Charlotte Linlin', 12, 'Soru Soru no Mi', 4388000000);
INSERT INTO LesPirates VALUES ('Shanks', 1, NULL, 4048900000);
INSERT INTO LesPirates VALUES ('Marshall D. Teach', 30, 'Yami Yami no Mi', 3996000000);
INSERT INTO LesPirates VALUES ('Dracule Mihawk', 16, NULL, 3590000000);
INSERT INTO LesPirates VALUES ('Buggy le Clown', 15, 'Bara Bara no Mi', 3189000000);
INSERT INTO LesPirates VALUES ('Crocodile', 1, 'Suna Suna no Mi', 1965000000);
INSERT INTO LesPirates VALUES ('Rocks D. Xebec', 24, NULL, 0);
INSERT INTO LesPirates VALUES ('Silvers Rayleigh', 1, NULL, 0);
INSERT INTO LesPirates VALUES ('Scopper Gaban', 1, NULL, 0);
INSERT INTO LesPirates VALUES ('Shiki le Lion d''Or', 1, 'Fuwa Fuwa no Mi', 0);
INSERT INTO LesPirates VALUES ('King', 11, 'Ryu Ryu no Mi, Model: Pteranodon', 1390000000);
INSERT INTO LesPirates VALUES ('Queen', 11, 'Ryu Ryu no Mi, Model: Brachiosaurus', 1320000000);
INSERT INTO LesPirates VALUES ('Jack', 11, 'Zou Zou no Mi, Model: Mammoth', 1000000000);
INSERT INTO LesPirates VALUES ('Who''s-Who', 11, 'Neko Neko no Mi, Model: Saber Tiger', 546000000);
INSERT INTO LesPirates VALUES ('Black Maria', 11, 'Kumo Kumo no Mi', 480000000);
INSERT INTO LesPirates VALUES ('Sasaki', 11, 'Ryu Ryu no Mi, Model: Triceratops', 472000000);
INSERT INTO LesPirates VALUES ('Ulti', 11, 'Ryu Ryu no Mi, Model: Pachycephalosaurus', 400000000);
INSERT INTO LesPirates VALUES ('Page One', 11, 'Ryu Ryu no Mi, Model: Spinosaurus', 290000000);
INSERT INTO LesPirates VALUES ('Sheepshead', 11, NULL, 0);
INSERT INTO LesPirates VALUES ('Ginrummy', 11, NULL, 0);
INSERT INTO LesPirates VALUES ('Holdem', 11, NULL, 0);
INSERT INTO LesPirates VALUES ('Speed', 11, NULL, 0);
INSERT INTO LesPirates VALUES ('Charlotte Katakuri', 12, 'Mochi Mochi no Mi', 1057000000);
INSERT INTO LesPirates VALUES ('Charlotte Smoothie', 12, 'Shibu Shibu no Mi', 932000000);
INSERT INTO LesPirates VALUES ('Charlotte Cracker', 12, 'Bisu Bisu no Mi', 860000000);
INSERT INTO LesPirates VALUES ('Charlotte Perospero', 12, 'Pero Pero no Mi', 700000000);
INSERT INTO LesPirates VALUES ('Charlotte Snack', 12, NULL, 600000000);
INSERT INTO LesPirates VALUES ('Charlotte Oven', 12, 'Netsu Netsu no Mi', 300000000);
INSERT INTO LesPirates VALUES ('Charlotte Daifuku', 12, 'Hoya Hoya no Mi', 300000000);
INSERT INTO LesPirates VALUES ('Charlotte Prospero', 12, NULL, 700000000);
INSERT INTO LesPirates VALUES ('Charlotte Compote', 12, NULL, 0);
INSERT INTO LesPirates VALUES ('Charlotte Mont-d''Or', 12, 'Buku Buku no Mi', 120000000);
INSERT INTO LesPirates VALUES ('Charlotte Galette', 12, 'Bata Bata no Mi', 0);
INSERT INTO LesPirates VALUES ('Charlotte Brulee', 12, 'Mira Mira no Mi', 0);
INSERT INTO LesPirates VALUES ('Charlotte Pudding', 12, 'Memo Memo no Mi', 0);
INSERT INTO LesPirates VALUES ('Charlotte Chiffon', 12, NULL, 0);
INSERT INTO LesPirates VALUES ('Charlotte Lola', 1, NULL, 0);
INSERT INTO LesPirates VALUES ('Charlotte Flampe', 12, NULL, 0);
INSERT INTO LesPirates VALUES ('Tamago', 12, 'Tama Tama no Mi', 429000000);
INSERT INTO LesPirates VALUES ('Pekoms', 12, 'Kame Kame no Mi', 330000000);
INSERT INTO LesPirates VALUES ('Bobbin', 12, NULL, 105500000);
INSERT INTO LesPirates VALUES ('Marco', 1, 'Tori Tori no Mi, Model: Phoenix', 1374000000);
INSERT INTO LesPirates VALUES ('Portgas D. Ace', 2, 'Mera Mera no Mi', 550000000);
INSERT INTO LesPirates VALUES ('Jozu', 1, 'Kira Kira no Mi', 0);
INSERT INTO LesPirates VALUES ('Vista', 1, NULL, 0);
INSERT INTO LesPirates VALUES ('Izou', 11, NULL, 510000000);
INSERT INTO LesPirates VALUES ('Thatch', 1, NULL, 0);
INSERT INTO LesPirates VALUES ('Blamenco', 1, NULL, 0);
INSERT INTO LesPirates VALUES ('Rakuyo', 1, NULL, 0);
INSERT INTO LesPirates VALUES ('Namur', 1, NULL, 0);
INSERT INTO LesPirates VALUES ('Blenheim', 1, NULL, 0);
INSERT INTO LesPirates VALUES ('Curiel', 1, NULL, 0);
INSERT INTO LesPirates VALUES ('Kingdew', 1, NULL, 0);
INSERT INTO LesPirates VALUES ('Haruta', 1, NULL, 0);
INSERT INTO LesPirates VALUES ('Atmos', 1, NULL, 0);
INSERT INTO LesPirates VALUES ('Speed Jiru', 1, NULL, 0);
INSERT INTO LesPirates VALUES ('Fossa', 1, NULL, 0);
INSERT INTO LesPirates VALUES ('Shiryu', 29, 'Suke Suke no Mi', 0);
INSERT INTO LesPirates VALUES ('Jesus Burgess', 1, 'Riki Riki no Mi', 20000000);
INSERT INTO LesPirates VALUES ('Van Augur', 1, 'Wapu Wapu no Mi', 64000000);
INSERT INTO LesPirates VALUES ('Doc Q', 1, 'Shiku Shiku no Mi', 72000000);
INSERT INTO LesPirates VALUES ('Laffitte', 1, NULL, 42200000);
INSERT INTO LesPirates VALUES ('Avalo Pizarro', 1, 'Shima Shima no Mi', 0);
INSERT INTO LesPirates VALUES ('Vasco Shot', 1, 'Gabu Gabu no Mi', 0);
INSERT INTO LesPirates VALUES ('Catarina Devon', 30, 'Inu Inu no Mi, Model: Kyubi no Kitsune', 0);
INSERT INTO LesPirates VALUES ('Sanjuan Wolf', 1, 'Deka Deka no Mi', 0);
INSERT INTO LesPirates VALUES ('Eustass Kid', 1, 'Jiki Jiki no Mi', 3000000000);
INSERT INTO LesPirates VALUES ('Trafalgar Law', 27, 'Ope Ope no Mi', 3000000000);
INSERT INTO LesPirates VALUES ('Killer', 1, NULL, 600000000);
INSERT INTO LesPirates VALUES ('Scratchmen Apoo', 1, 'Oto Oto no Mi', 350000000);
INSERT INTO LesPirates VALUES ('Capone Bege', 1, 'Shiro Shiro no Mi', 350000000);
INSERT INTO LesPirates VALUES ('Basil Hawkins', 1, 'Wara Wara no Mi', 320000000);
INSERT INTO LesPirates VALUES ('Jewelry Bonney', 31, 'Toshi Toshi no Mi', 320000000);
INSERT INTO LesPirates VALUES ('X Drake', 1, 'Ryu Ryu no Mi, Model: Allosaurus', 222000000);
INSERT INTO LesPirates VALUES ('Urouge', 1, NULL, 108000000);
INSERT INTO LesPirates VALUES ('Bepo', 1, NULL, 500);
INSERT INTO LesPirates VALUES ('Jean Bart', 1, NULL, 0);
INSERT INTO LesPirates VALUES ('Heat', 1, NULL, 0);
INSERT INTO LesPirates VALUES ('Wire', 1, NULL, 0);
INSERT INTO LesPirates VALUES ('Cavendish', 1, NULL, 330000000);
INSERT INTO LesPirates VALUES ('Bartolomeo', 1, 'Bari Bari no Mi', 200000000);
INSERT INTO LesPirates VALUES ('Sai', 1, NULL, 210000000);
INSERT INTO LesPirates VALUES ('Ideo', 1, NULL, 0);
INSERT INTO LesPirates VALUES ('Leo', 1, 'Nui Nui no Mi', 0);
INSERT INTO LesPirates VALUES ('Hajrudin', 50, NULL, 0);
INSERT INTO LesPirates VALUES ('Orlumbus', 1, NULL, 148000000);
INSERT INTO LesPirates VALUES ('Suleiman', 1, NULL, 67000000);
INSERT INTO LesPirates VALUES ('Donquixote Doflamingo', 46, 'Ito Ito no Mi', 340000000);
INSERT INTO LesPirates VALUES ('Boa Hancock', 34, 'Mero Mero no Mi', 1659000000);
INSERT INTO LesPirates VALUES ('Gekko Moria', 23, 'Kage Kage no Mi', 320000000);
INSERT INTO LesPirates VALUES ('Bartholomew Kuma', 1, 'Nikyu Nikyu no Mi', 296000000);
INSERT INTO LesPirates VALUES ('Edward Weevil', 1, NULL, 480000000);
INSERT INTO LesPirates VALUES ('Benn Beckman', 1, NULL, 0);
INSERT INTO LesPirates VALUES ('Lucky Roux', 1, NULL, 0);
INSERT INTO LesPirates VALUES ('Yasopp', 1, NULL, 0);
INSERT INTO LesPirates VALUES ('Limejuice', 1, NULL, 0);
INSERT INTO LesPirates VALUES ('Bonk Punch', 1, NULL, 0);
INSERT INTO LesPirates VALUES ('Monster', 1, NULL, 0);
INSERT INTO LesPirates VALUES ('Building Snake', 1, NULL, 0);
INSERT INTO LesPirates VALUES ('Hongo', 1, NULL, 0);
INSERT INTO LesPirates VALUES ('Howling Gab', 1, NULL, 0);
INSERT INTO LesPirates VALUES ('Rockstar', 1, NULL, 94000000);
INSERT INTO LesPirates VALUES ('Alvida', 1, 'Sube Sube no Mi', 5000000);
INSERT INTO LesPirates VALUES ('Morgan', 14, NULL, 0);
INSERT INTO LesPirates VALUES ('Kuro', 3, NULL, 16000000);
INSERT INTO LesPirates VALUES ('Jango', 3, NULL, 9000000);
INSERT INTO LesPirates VALUES ('Don Krieg', 4, NULL, 17000000);
INSERT INTO LesPirates VALUES ('Gin', 1, NULL, 0);
INSERT INTO LesPirates VALUES ('Pearl', 1, NULL, 0);
INSERT INTO LesPirates VALUES ('Arlong', 17, NULL, 20000000);
INSERT INTO LesPirates VALUES ('Hatchan', 10, NULL, 0);
INSERT INTO LesPirates VALUES ('Chew', 10, NULL, 0);
INSERT INTO LesPirates VALUES ('Kuroobi', 10, NULL, 0);
INSERT INTO LesPirates VALUES ('Mr. 1 (Daz Bonez)', 25, 'Supu Supu no Mi', 75000000);
INSERT INTO LesPirates VALUES ('Mr. 2 (Bentham)', 1, 'Mane Mane no Mi', 32000000);
INSERT INTO LesPirates VALUES ('Mr. 3 (Galdino)', 1, 'Doru Doru no Mi', 24000000);
INSERT INTO LesPirates VALUES ('Miss Doublefinger', 1, 'Toge Toge no Mi', 0);
INSERT INTO LesPirates VALUES ('Miss Merry Christmas', 1, 'Mogu Mogu no Mi', 0);
INSERT INTO LesPirates VALUES ('Bellamy', 1, 'Bane Bane no Mi', 195000000);
INSERT INTO LesPirates VALUES ('Sarquiss', 1, NULL, 38000000);
INSERT INTO LesPirates VALUES ('Mont Blanc Cricket', 39, NULL, 0);
INSERT INTO LesPirates VALUES ('Masira', 39, NULL, 23000000);
INSERT INTO LesPirates VALUES ('Shoujou', 39, NULL, 36000000);
INSERT INTO LesPirates VALUES ('Perona', 23, 'Horo Horo no Mi', 0);
INSERT INTO LesPirates VALUES ('Absalom', 23, 'Suke Suke no Mi', 0);
INSERT INTO LesPirates VALUES ('Dr. Hogback', 1, NULL, 0);
INSERT INTO LesPirates VALUES ('Ryuma', 11, NULL, 0);
INSERT INTO LesPirates VALUES ('Oars', 1, NULL, 0);
INSERT INTO LesPirates VALUES ('Duval', 42, NULL, 0);
INSERT INTO LesPirates VALUES ('Caribou', 1, 'Numa Numa no Mi', 210000000);
INSERT INTO LesPirates VALUES ('Coribou', 1, NULL, 190000000);
INSERT INTO LesPirates VALUES ('Caesar Clown', 45, 'Gasu Gasu no Mi', 300000000);
INSERT INTO LesPirates VALUES ('Monet', 45, 'Yuki Yuki no Mi', 0);
INSERT INTO LesPirates VALUES ('Vergo', 45, NULL, 0);
INSERT INTO LesPirates VALUES ('Trebol', 46, 'Beta Beta no Mi', 0);
INSERT INTO LesPirates VALUES ('Diamante', 46, 'Hira Hira no Mi', 0);
INSERT INTO LesPirates VALUES ('Pica', 46, 'Ishi Ishi no Mi', 0);
INSERT INTO LesPirates VALUES ('Senor Pink', 46, 'Sui Sui no Mi', 0);
INSERT INTO LesPirates VALUES ('Sugar', 46, 'Hobi Hobi no Mi', 0);
INSERT INTO LesPirates VALUES ('Baby 5', 46, 'Buki Buki no Mi', 0);
INSERT INTO LesPirates VALUES ('Buffalo', 46, 'Guru Guru no Mi', 0);
INSERT INTO LesPirates VALUES ('Gladius', 46, 'Pamu Pamu no Mi', 0);
INSERT INTO LesPirates VALUES ('Lao G', 46, NULL, 0);
INSERT INTO LesPirates VALUES ('Dellinger', 46, NULL, 0);
INSERT INTO LesPirates VALUES ('Machvise', 46, 'Ton Ton no Mi', 0);
INSERT INTO LesPirates VALUES ('Vander Decken IX', 10, 'Mato Mato no Mi', 0);
INSERT INTO LesPirates VALUES ('Hody Jones', 10, NULL, 0);
INSERT INTO LesPirates VALUES ('Hyouzou', 10, NULL, 0);
INSERT INTO LesPirates VALUES ('Fisher Tiger', 10, NULL, 230000000);
INSERT INTO LesPirates VALUES ('Monkey D. Dragon', 2, NULL, 0);
INSERT INTO LesPirates VALUES ('Sabo', 2, 'Mera Mera no Mi', 602000000);
INSERT INTO LesPirates VALUES ('Emporio Ivankov', 35, 'Horu Horu no Mi', 0);
INSERT INTO LesPirates VALUES ('Inazuma', 1, 'Choki Choki no Mi', 0);
INSERT INTO LesPirates VALUES ('Belo Betty', 53, 'Kobu Kobu no Mi', 457000000);
INSERT INTO LesPirates VALUES ('Karasu', 53, 'Susu Susu no Mi', 400000000);
INSERT INTO LesPirates VALUES ('Lindbergh', 31, NULL, 316000000);
INSERT INTO LesPirates VALUES ('Morley', 35, 'Oshi Oshi no Mi', 293000000);
INSERT INTO LesPirates VALUES ('Hack', 10, NULL, 0);
INSERT INTO LesPirates VALUES ('Koala', 1, NULL, 0);
INSERT INTO LesPirates VALUES ('Douglas Bullet', 1, 'Gasha Gasha no Mi', 0);
INSERT INTO LesPirates VALUES ('Gild Tesoro', 1, 'Golu Golu no Mi', 0);
INSERT INTO LesPirates VALUES ('Uta', 1, 'Uta Uta no Mi', 0);
INSERT INTO LesPirates VALUES ('Z (Zephyr)', 1, NULL, 0);
INSERT INTO LesPirates VALUES ('Binz', 1, 'Mosa Mosa no Mi', 0);
INSERT INTO LesPirates VALUES ('Ain', 1, 'Modo Modo no Mi', 0);
INSERT INTO LesPirates VALUES ('Yorki', 1, NULL, 0);
INSERT INTO LesPirates VALUES ('Pandaman', 1, NULL, 999999999);
INSERT INTO LesPirates VALUES ('Zeff', 4, NULL, 0);
INSERT INTO LesPirates VALUES ('Shakuyaku', 42, NULL, 0);
INSERT INTO LesPirates VALUES ('Brownbeard', 45, NULL, 80060000);
INSERT INTO LesPirates VALUES ('Demaro Black', 42, NULL, 26000000);
INSERT INTO LesPirates VALUES ('Albion', 1, NULL, 92000000);
INSERT INTO LesPirates VALUES ('Lip Doughty', 1, NULL, 88000000);
INSERT INTO LesPirates VALUES ('Suleiman le Decapiteur', 46, NULL, 67000000);
INSERT INTO LesPirates VALUES ('Gambia', 46, NULL, 67000000);
INSERT INTO LesPirates VALUES ('Maynard', 46, NULL, 0);
INSERT INTO LesPirates VALUES ('Dagama', 46, NULL, 0);
INSERT INTO LesPirates VALUES ('Blue Gilly', 46, NULL, 0);
INSERT INTO LesPirates VALUES ('Abdullah', 46, NULL, 0);
INSERT INTO LesPirates VALUES ('Jeet', 46, NULL, 0);
INSERT INTO LesPirates VALUES ('Kyros', 46, NULL, 0);
INSERT INTO LesPirates VALUES ('Rebecca', 46, NULL, 0);
INSERT INTO LesPirates VALUES ('Scarlett', 46, NULL, 0);
INSERT INTO LesPirates VALUES ('Wadanatsumi', 10, NULL, 0);
INSERT INTO LesPirates VALUES ('Surume', 10, NULL, 0);
INSERT INTO LesPirates VALUES ('Boa Marigold', 34, NULL, 0);
INSERT INTO LesPirates VALUES ('Boa Sandersonia', 34, NULL, 0);
INSERT INTO LesPirates VALUES ('Buchi', 3, NULL, 0);
INSERT INTO LesPirates VALUES ('Cabaji', 3, NULL, 0);
INSERT INTO LesPirates VALUES ('Charlotte Amande', 12, NULL, 0);
INSERT INTO LesPirates VALUES ('Charlotte Cabaletta', 12, NULL, 0);
INSERT INTO LesPirates VALUES ('Charlotte Cadenza', 12, NULL, 0);
INSERT INTO LesPirates VALUES ('Charlotte Counter', 12, NULL, 0);
INSERT INTO LesPirates VALUES ('Charlotte Opera', 12, NULL, 0);
INSERT INTO LesPirates VALUES ('Crocus', 32, NULL, 0);
INSERT INTO LesPirates VALUES ('Faust', 1, NULL, 0);
INSERT INTO LesPirates VALUES ('Fukurokuju', 11, NULL, 0);
INSERT INTO LesPirates VALUES ('Gab', 1, NULL, 0);
INSERT INTO LesPirates VALUES ('Giolla', 46, NULL, 0);
INSERT INTO LesPirates VALUES ('Gotti', 1, NULL, 0);
INSERT INTO LesPirates VALUES ('Kuzan', 1, NULL, 0);
INSERT INTO LesPirates VALUES ('Mohji', 1, NULL, 0);
INSERT INTO LesPirates VALUES ('Numbers', 11, NULL, 0);
INSERT INTO LesPirates VALUES ('Penguin', 1, NULL, 0);
INSERT INTO LesPirates VALUES ('Shachi', 1, NULL, 0);
INSERT INTO LesPirates VALUES ('Sham', 3, NULL, 0);
INSERT INTO LesPirates VALUES ('Vito', 1, NULL, 0);

CREATE TABLE LaMarine (
    nomM varchar(100),  
    grade varchar(100), 
    base varchar(100), 
    id_region int, 
    nomF varchar(100),
    prime int,
    CONSTRAINT PK_Marines PRIMARY KEY (nomM),
    CONSTRAINT FK_Marine_Regions FOREIGN KEY (id_region) REFERENCES LesRegions(id_region),
    CONSTRAINT FK_Marine_Fruits FOREIGN KEY (nomF) REFERENCES LesFruits(nomF)
);

INSERT INTO LaMarine VALUES ('Monkey D. Garp', 'Vice-Amiral', 'Marine Ford', 2, NULL, 3000000000);
INSERT INTO LaMarine VALUES ('Sengoku', 'Ex-Amiral en Chef', 'Marine Ford', 1, 'Hito Hito no Mi', 3000000000);
INSERT INTO LaMarine VALUES ('Akainu', 'Amiral en Chef', 'New Marine Ford', 43, 'Magu Magu no Mi', 3000000000);
INSERT INTO LaMarine VALUES ('Aokiji', 'Ex-Amiral', 'Inconnue', 1, 'Hie Hie no Mi', 3000000000);
INSERT INTO LaMarine VALUES ('Kizaru', 'Amiral', 'Marine Ford', 1, 'Pika Pika no Mi', 3000000000);
INSERT INTO LaMarine VALUES ('Fujitora', 'Amiral', 'Mobile', 46, 'Zushi Zushi no Mi', 3000000000);
INSERT INTO LaMarine VALUES ('Ryokugyu', 'Amiral', 'Mobile', 1, 'Mori Mori no Mi', 3000000000);
INSERT INTO LaMarine VALUES ('Kong', 'Commandant en Chef', 'Marie Joie', 33, NULL, 3500000000);
INSERT INTO LaMarine VALUES ('Tsuru', 'Vice-Amiral', 'Marine Ford', 1, 'Woshu Woshu no Mi', 2000000000);
INSERT INTO LaMarine VALUES ('Smoker', 'Vice-Amiral', 'G-5', 15, 'Moku Moku no Mi', 400000000);
INSERT INTO LaMarine VALUES ('Momonga', 'Vice-Amiral', 'G-1', 1, NULL, 350000000);
INSERT INTO LaMarine VALUES ('Onigumo', 'Vice-Amiral', 'Marine Ford', 1, NULL, 300000000);
INSERT INTO LaMarine VALUES ('Doberman', 'Vice-Amiral', 'Marine Ford', 1, NULL, 300000000);
INSERT INTO LaMarine VALUES ('Bastille', 'Vice-Amiral', 'Dressrosa', 46, NULL, 250000000);
INSERT INTO LaMarine VALUES ('Vergo', 'Ex-Vice-Amiral', 'G-5', 46, NULL, 450000000);
INSERT INTO LaMarine VALUES ('Doll', 'Vice-Amiral', 'G-14', 1, NULL, 300000000);
INSERT INTO LaMarine VALUES ('Hina', 'Contre-Amiral', 'Marine Ford', 1, 'Ori Ori no Mi', 200000000);
INSERT INTO LaMarine VALUES ('Prince Grus', 'Contre-Amiral', 'G-14', 1, 'Gunto Gunto no Mi', 250000000);
INSERT INTO LaMarine VALUES ('Kujaku', 'Contre-Amiral', 'G-14', 1, 'Muchi Muchi no Mi', 200000000);
INSERT INTO LaMarine VALUES ('Coby', 'Colonel', 'Hachinosu', 14, NULL, 500000000);
INSERT INTO LaMarine VALUES ('Sentomaru', 'Capitaine', 'Egghead', 1, NULL, 150000000);
INSERT INTO LaMarine VALUES ('Tashigi', 'Capitaine', 'G-5', 15, NULL, 50000000);
INSERT INTO LaMarine VALUES ('Helmeppo', 'Major', 'G-14', 14, NULL, 10000000);
INSERT INTO LaMarine VALUES ('Bogard', 'Officier', 'Marine Ford', 1, NULL, 100000000);
INSERT INTO LaMarine VALUES ('Fullbody', 'Lieutenant', 'Navire de Hina', 1, NULL, 5000000);
INSERT INTO LaMarine VALUES ('Yamagaji', 'Vice-Amiral', 'Marine Ford', 1, NULL, 250000000);
INSERT INTO LaMarine VALUES ('Strawberry', 'Vice-Amiral', 'Marine Ford', 1, NULL, 280000000);
INSERT INTO LaMarine VALUES ('Lacroix', 'Vice-Amiral', 'Marine Ford', 1, NULL, 200000000);
INSERT INTO LaMarine VALUES ('Ronse', 'Vice-Amiral', 'Marine Ford', 1, NULL, 210000000);
INSERT INTO LaMarine VALUES ('Dalmatian', 'Vice-Amiral', 'Marine Ford', 1, 'Inu Inu no Mi, Model: Dalmatian', 270000000);
INSERT INTO LaMarine VALUES ('Stainless', 'Vice-Amiral', 'Marine Ford', 1, NULL, 240000000);
INSERT INTO LaMarine VALUES ('Maynard', 'Vice-Amiral', 'Dressrosa', 46, NULL, 180000000);
INSERT INTO LaMarine VALUES ('Hibari', 'Commandant', 'G-14', 1, NULL, 50000000);
INSERT INTO LaMarine VALUES ('X Drake', 'Ex-Contre-Amiral', 'Infiltre', 1, 'Ryu Ryu no Mi, Model: Allosaurus', 500000000);
INSERT INTO LaMarine VALUES ('Gion', 'Vice-Amiral', 'Marine Ford', 1, NULL, 600000000);
INSERT INTO LaMarine VALUES ('Tokikake', 'Vice-Amiral', 'Marine Ford', 1, NULL, 600000000);
INSERT INTO LaMarine VALUES ('T-Bone', 'Vice-Amiral', 'New Marine Ford', 43, NULL, 150000000);
INSERT INTO LaMarine VALUES ('Nezumi', 'Colonel', 'G-16', 5, NULL, 2000000);

CREATE TABLE LesRoles(
    nomP varchar(100),
    id_equipage int,
    role varchar(100), 
    CONSTRAINT PK_Roles PRIMARY KEY(nomP, id_equipage), 
    CONSTRAINT FK_Roles_Equipages FOREIGN KEY (id_equipage) REFERENCES LesEquipages(id_equipage),
    CONSTRAINT FK_Roles_Pirates FOREIGN KEY (nomP) REFERENCES LesPirates(nomP)
);

INSERT INTO LesRoles VALUES ('Monkey D. Luffy', 1, 'Capitaine');
INSERT INTO LesRoles VALUES ('Roronoa Zoro', 1, 'Bras droit');
INSERT INTO LesRoles VALUES ('Nami', 1, 'Navigatrice');
INSERT INTO LesRoles VALUES ('Usopp', 1, 'Tireur elite');
INSERT INTO LesRoles VALUES ('Sanji', 1, 'Cuisinier');
INSERT INTO LesRoles VALUES ('Tony Tony Chopper', 1, 'Medecin');
INSERT INTO LesRoles VALUES ('Nico Robin', 1, 'Archeologue');
INSERT INTO LesRoles VALUES ('Franky', 1, 'Charpentier');
INSERT INTO LesRoles VALUES ('Brook', 1, 'Musicien');
INSERT INTO LesRoles VALUES ('Jinbe', 1, 'Timonier');
INSERT INTO LesRoles VALUES ('Yamato', 1, 'Membre');
INSERT INTO LesRoles VALUES ('Nefertari Vivi', 1, 'Membre Honoraire');
INSERT INTO LesRoles VALUES ('Edward Newgate', 2, 'Capitaine');
INSERT INTO LesRoles VALUES ('Marco', 2, 'Commandant 1re Division');
INSERT INTO LesRoles VALUES ('Portgas D. Ace', 2, 'Commandant 2e Division');
INSERT INTO LesRoles VALUES ('Jozu', 2, 'Commandant 3e Division');
INSERT INTO LesRoles VALUES ('Thatch', 2, 'Commandant 4e Division');
INSERT INTO LesRoles VALUES ('Vista', 2, 'Commandant 5e Division');
INSERT INTO LesRoles VALUES ('Blamenco', 2, 'Commandant');
INSERT INTO LesRoles VALUES ('Rakuyo', 2, 'Commandant');
INSERT INTO LesRoles VALUES ('Namur', 2, 'Commandant 8e Division');
INSERT INTO LesRoles VALUES ('Blenheim', 2, 'Commandant');
INSERT INTO LesRoles VALUES ('Curiel', 2, 'Commandant 10e Division');
INSERT INTO LesRoles VALUES ('Kingdew', 2, 'Commandant');
INSERT INTO LesRoles VALUES ('Haruta', 2, 'Commandant');
INSERT INTO LesRoles VALUES ('Atmos', 2, 'Commandant');
INSERT INTO LesRoles VALUES ('Speed Jiru', 2, 'Commandant');
INSERT INTO LesRoles VALUES ('Fossa', 2, 'Commandant');
INSERT INTO LesRoles VALUES ('Izou', 2, 'Commandant 16e Division');
INSERT INTO LesRoles VALUES ('Charlotte Linlin', 3, 'Capitaine');
INSERT INTO LesRoles VALUES ('Charlotte Katakuri', 3, 'Ministre de la Farine');
INSERT INTO LesRoles VALUES ('Charlotte Smoothie', 3, 'Ministre des Jus');
INSERT INTO LesRoles VALUES ('Charlotte Cracker', 3, 'Ministre des Biscuits');
INSERT INTO LesRoles VALUES ('Charlotte Perospero', 3, 'Ministre des Bonbons');
INSERT INTO LesRoles VALUES ('Charlotte Snack', 3, 'Ministre des Sucreries');
INSERT INTO LesRoles VALUES ('Charlotte Oven', 3, 'Ministre des Fours');
INSERT INTO LesRoles VALUES ('Charlotte Daifuku', 3, 'Ministre des Genies');
INSERT INTO LesRoles VALUES ('Charlotte Prospero', 3, 'Membre');
INSERT INTO LesRoles VALUES ('Charlotte Compote', 3, 'Membre');
INSERT INTO LesRoles VALUES ('Charlotte Mont-d''Or', 3, 'Ministre des Livres');
INSERT INTO LesRoles VALUES ('Charlotte Galette', 3, 'Officier');
INSERT INTO LesRoles VALUES ('Charlotte Amande', 3, 'Officier');
INSERT INTO LesRoles VALUES ('Charlotte Opera', 3, 'Officier');
INSERT INTO LesRoles VALUES ('Charlotte Counter', 3, 'Officier');
INSERT INTO LesRoles VALUES ('Charlotte Cadenza', 3, 'Officier');
INSERT INTO LesRoles VALUES ('Charlotte Cabaletta', 3, 'Officier');
INSERT INTO LesRoles VALUES ('Charlotte Brulee', 3, 'Membre');
INSERT INTO LesRoles VALUES ('Charlotte Pudding', 3, 'Membre');
INSERT INTO LesRoles VALUES ('Charlotte Chiffon', 3, 'Membre');
INSERT INTO LesRoles VALUES ('Charlotte Lola', 3, 'Membre');
INSERT INTO LesRoles VALUES ('Charlotte Flampe', 3, 'Membre');
INSERT INTO LesRoles VALUES ('Tamago', 3, 'Officier');
INSERT INTO LesRoles VALUES ('Pekoms', 3, 'Membre');
INSERT INTO LesRoles VALUES ('Bobbin', 3, 'Membre');
INSERT INTO LesRoles VALUES ('Portgas D. Ace', 4, 'Capitaine');
INSERT INTO LesRoles VALUES ('Gol D. Roger', 5, 'Capitaine');
INSERT INTO LesRoles VALUES ('Silvers Rayleigh', 5, 'Premier Maitre');
INSERT INTO LesRoles VALUES ('Scopper Gaban', 5, 'Officier');
INSERT INTO LesRoles VALUES ('Crocus', 5, 'Medecin');
INSERT INTO LesRoles VALUES ('Buggy le Clown', 5, 'Apprenti');
INSERT INTO LesRoles VALUES ('Shanks', 6, 'Capitaine');
INSERT INTO LesRoles VALUES ('Benn Beckman', 6, 'Premier Maitre');
INSERT INTO LesRoles VALUES ('Lucky Roux', 6, 'Officier');
INSERT INTO LesRoles VALUES ('Yasopp', 6, 'Tireur');
INSERT INTO LesRoles VALUES ('Rockstar', 6, 'Messager');
INSERT INTO LesRoles VALUES ('Limejuice', 6, 'Membre');
INSERT INTO LesRoles VALUES ('Bonk Punch', 6, 'Membre');
INSERT INTO LesRoles VALUES ('Monster', 6, 'Membre');
INSERT INTO LesRoles VALUES ('Building Snake', 6, 'Membre');
INSERT INTO LesRoles VALUES ('Hongo', 6, 'Membre');
INSERT INTO LesRoles VALUES ('Howling Gab', 6, 'Membre');
INSERT INTO LesRoles VALUES ('Gab', 6, 'Membre');
INSERT INTO LesRoles VALUES ('Marshall D. Teach', 7, 'Capitaine');
INSERT INTO LesRoles VALUES ('Jesus Burgess', 7, 'Capitaine 1er Navire');
INSERT INTO LesRoles VALUES ('Shiryu', 7, 'Capitaine 2e Navire');
INSERT INTO LesRoles VALUES ('Van Augur', 7, 'Capitaine 3e Navire');
INSERT INTO LesRoles VALUES ('Avalo Pizarro', 7, 'Capitaine 4e Navire');
INSERT INTO LesRoles VALUES ('Laffitte', 7, 'Capitaine 5e Navire');
INSERT INTO LesRoles VALUES ('Doc Q', 7, 'Capitaine 6e Navire');
INSERT INTO LesRoles VALUES ('Vasco Shot', 7, 'Capitaine 7e Navire');
INSERT INTO LesRoles VALUES ('Catarina Devon', 7, 'Capitaine 8e Navire');
INSERT INTO LesRoles VALUES ('Sanjuan Wolf', 7, 'Capitaine 9e Navire');
INSERT INTO LesRoles VALUES ('Kuzan', 7, 'Allie');
INSERT INTO LesRoles VALUES ('Kaido', 8, 'Capitaine');
INSERT INTO LesRoles VALUES ('King', 8, 'Calamite');
INSERT INTO LesRoles VALUES ('Queen', 8, 'Calamite');
INSERT INTO LesRoles VALUES ('Jack', 8, 'Calamite');
INSERT INTO LesRoles VALUES ('Who''s-Who', 8, 'Tobi Roppo');
INSERT INTO LesRoles VALUES ('Black Maria', 8, 'Tobi Roppo');
INSERT INTO LesRoles VALUES ('Sasaki', 8, 'Tobi Roppo');
INSERT INTO LesRoles VALUES ('Ulti', 8, 'Tobi Roppo');
INSERT INTO LesRoles VALUES ('Page One', 8, 'Tobi Roppo');
INSERT INTO LesRoles VALUES ('Sheepshead', 8, 'Membre');
INSERT INTO LesRoles VALUES ('Ginrummy', 8, 'Membre');
INSERT INTO LesRoles VALUES ('Holdem', 8, 'Membre');
INSERT INTO LesRoles VALUES ('Speed', 8, 'Membre');
INSERT INTO LesRoles VALUES ('Numbers', 8, 'Unite speciale');
INSERT INTO LesRoles VALUES ('Fukurokuju', 8, 'Allie');
INSERT INTO LesRoles VALUES ('Rocks D. Xebec', 9, 'Capitaine');
INSERT INTO LesRoles VALUES ('Shiki le Lion d''Or', 9, 'Membre');
INSERT INTO LesRoles VALUES ('Edward Newgate', 9, 'Membre');
INSERT INTO LesRoles VALUES ('Kaido', 9, 'Apprenti');
INSERT INTO LesRoles VALUES ('Charlotte Linlin', 9, 'Membre');
INSERT INTO LesRoles VALUES ('Donquixote Doflamingo', 10, 'Capitaine');
INSERT INTO LesRoles VALUES ('Trebol', 10, 'Officier');
INSERT INTO LesRoles VALUES ('Diamante', 10, 'Officier');
INSERT INTO LesRoles VALUES ('Pica', 10, 'Officier');
INSERT INTO LesRoles VALUES ('Senor Pink', 10, 'Officier');
INSERT INTO LesRoles VALUES ('Sugar', 10, 'Officier');
INSERT INTO LesRoles VALUES ('Baby 5', 10, 'Officier');
INSERT INTO LesRoles VALUES ('Buffalo', 10, 'Officier');
INSERT INTO LesRoles VALUES ('Gladius', 10, 'Officier');
INSERT INTO LesRoles VALUES ('Lao G', 10, 'Officier');
INSERT INTO LesRoles VALUES ('Dellinger', 10, 'Officier');
INSERT INTO LesRoles VALUES ('Machvise', 10, 'Officier');
INSERT INTO LesRoles VALUES ('Vergo', 10, 'Officier');
INSERT INTO LesRoles VALUES ('Monet', 10, 'Officier');
INSERT INTO LesRoles VALUES ('Giolla', 10, 'Officier');
INSERT INTO LesRoles VALUES ('Trafalgar Law', 11, 'Capitaine');
INSERT INTO LesRoles VALUES ('Bepo', 11, 'Navigateur');
INSERT INTO LesRoles VALUES ('Jean Bart', 11, 'Membre');
INSERT INTO LesRoles VALUES ('Heat', 11, 'Membre');
INSERT INTO LesRoles VALUES ('Wire', 11, 'Membre');
INSERT INTO LesRoles VALUES ('Penguin', 11, 'Membre');
INSERT INTO LesRoles VALUES ('Shachi', 11, 'Membre');
INSERT INTO LesRoles VALUES ('Eustass Kid', 12, 'Capitaine');
INSERT INTO LesRoles VALUES ('Killer', 12, 'Bras Droit');
INSERT INTO LesRoles VALUES ('Heat', 12, 'Membre');
INSERT INTO LesRoles VALUES ('Wire', 12, 'Membre');
INSERT INTO LesRoles VALUES ('Boa Hancock', 13, 'Capitaine');
INSERT INTO LesRoles VALUES ('Boa Sandersonia', 13, 'Officier');
INSERT INTO LesRoles VALUES ('Boa Marigold', 13, 'Officier');
INSERT INTO LesRoles VALUES ('Fisher Tiger', 14, 'Capitaine');
INSERT INTO LesRoles VALUES ('Hatchan', 14, 'Membre');
INSERT INTO LesRoles VALUES ('Gekko Moria', 15, 'Capitaine');
INSERT INTO LesRoles VALUES ('Perona', 15, 'Officier Fantome');
INSERT INTO LesRoles VALUES ('Absalom', 15, 'Officier');
INSERT INTO LesRoles VALUES ('Dr. Hogback', 15, 'Scientifique');
INSERT INTO LesRoles VALUES ('Ryuma', 15, 'Zombie');
INSERT INTO LesRoles VALUES ('Oars', 15, 'Zombie Geant');
INSERT INTO LesRoles VALUES ('Duval', 15, 'Membre');
INSERT INTO LesRoles VALUES ('Buggy le Clown', 16, 'Capitaine');
INSERT INTO LesRoles VALUES ('Alvida', 16, 'Membre');
INSERT INTO LesRoles VALUES ('Mr. 3 (Galdino)', 16, 'Officier');
INSERT INTO LesRoles VALUES ('Mohji', 16, 'Dompteur');
INSERT INTO LesRoles VALUES ('Cabaji', 16, 'Acrobate');
INSERT INTO LesRoles VALUES ('Arlong', 17, 'Capitaine');
INSERT INTO LesRoles VALUES ('Chew', 17, 'Membre');
INSERT INTO LesRoles VALUES ('Kuroobi', 17, 'Membre');
INSERT INTO LesRoles VALUES ('Don Krieg', 18, 'Capitaine');
INSERT INTO LesRoles VALUES ('Gin', 18, 'Bras Droit');
INSERT INTO LesRoles VALUES ('Pearl', 18, 'Membre');
INSERT INTO LesRoles VALUES ('Capone Bege', 20, 'Capitaine');
INSERT INTO LesRoles VALUES ('Vito', 20, 'Conseiller');
INSERT INTO LesRoles VALUES ('Gotti', 20, 'Membre');
INSERT INTO LesRoles VALUES ('Basil Hawkins', 21, 'Capitaine');
INSERT INTO LesRoles VALUES ('Faust', 21, 'Navigateur');
INSERT INTO LesRoles VALUES ('X Drake', 22, 'Capitaine');
INSERT INTO LesRoles VALUES ('Scratchmen Apoo', 23, 'Capitaine');
INSERT INTO LesRoles VALUES ('Jewelry Bonney', 24, 'Capitaine');
INSERT INTO LesRoles VALUES ('Urouge', 25, 'Capitaine');
INSERT INTO LesRoles VALUES ('Bartolomeo', 26, 'Capitaine');
INSERT INTO LesRoles VALUES ('Gambia', 26, 'Bras droit');
INSERT INTO LesRoles VALUES ('Bellamy', 27, 'Capitaine');
INSERT INTO LesRoles VALUES ('Sarquiss', 27, 'Officier');
INSERT INTO LesRoles VALUES ('Kuro', 28, 'Capitaine');
INSERT INTO LesRoles VALUES ('Jango', 28, 'Hypnotiste');
INSERT INTO LesRoles VALUES ('Sham', 28, 'Membre');
INSERT INTO LesRoles VALUES ('Buchi', 28, 'Membre');
INSERT INTO LesRoles VALUES ('Shiki le Lion d''Or', 29, 'Capitaine');